{"cameraMode":{"drawMode":0,"name":"Shaded","section":"Shading Mode"},"sceneLighting":false,"audioPlay":false,"sceneViewState":{"m_AlwaysRefresh":false,"showFog":false,"showSkybox":false,"showFlares":false,"showImageEffects":false,"showParticleSystems":false,"showVisualEffectGraphs":true,"m_FxEnabled":true},"in2DMode":false,"pivot":{"x":-0.5845453143119812,"y":0.592793345451355,"z":-0.11236345767974854},"rotation":{"x":0.023638280108571054,"y":-0.9764596819877625,"z":0.1478745937347412,"w":0.15567107498645783},"size":1.0987462997436524,"orthographic":false}