{"cameraMode":{"drawMode":0,"name":"Shaded","section":"Shading Mode"},"sceneLighting":false,"audioPlay":false,"sceneViewState":{"m_AlwaysRefresh":true,"showFog":true,"showSkybox":false,"showFlares":true,"showImageEffects":true,"showParticleSystems":true,"showVisualEffectGraphs":true,"m_FxEnabled":true},"in2DMode":false,"pivot":{"x":0.1324385404586792,"y":0.9304256439208984,"z":-0.07556454837322235},"rotation":{"x":-0.02578793652355671,"y":-0.03838171437382698,"z":0.0009980848990380765,"w":-0.9989498853683472},"size":1.4684916734695435,"orthographic":true}