{"cameraMode":{"drawMode":0,"name":"Shaded","section":"Shading Mode"},"sceneLighting":true,"audioPlay":false,"sceneViewState":{"m_AlwaysRefresh":true,"showFog":true,"showSkybox":true,"showFlares":true,"showImageEffects":true,"showParticleSystems":true,"showVisualEffectGraphs":true,"m_FxEnabled":true},"in2DMode":false,"pivot":{"x":2.299246311187744,"y":-1.6447148323059083,"z":-4.418336868286133},"rotation":{"x":-0.164561927318573,"y":0.0020716791041195394,"z":-0.00032199325505644083,"w":-0.9863940477371216},"size":12.12435531616211,"orthographic":false}